#group,A1_b,A2_b,A3_b,A4_b,A5_b,A6_b,B1_b,B2_b,B3_b,B4_b,B5_b,B6_b,C1_b,C2_b,C3_b,C4_b,C5_b,C6_b,D1_b,D2_b,D3_b,D4_b,D5_b,D6_b,E1_b,E2_b,E3_b,E4_b,E5_b,E6_b
methanotrophy,0,0,0,0,2,0,0,0,0,0,0,0,0,0,0,0,0,0,0,0,0,0,0,0,154,76,42,272,108,120
acetoclastic_methanogenesis,0,0,0,0,0,0,0,0,0,0,0,0,0,0,0,0,0,0,0,0,0,0,0,0,0,0,0,0,0,0
methanogenesis_by_disproportionation_of_methyl_groups,0,0,0,0,0,0,0,0,0,0,0,0,0,0,0,0,0,0,0,0,0,0,0,0,0,0,0,0,0,0
methanogenesis_using_formate,0,0,0,0,0,0,0,0,0,0,0,0,0,0,0,0,0,0,0,0,0,0,0,0,0,0,0,0,0,0
methanogenesis_by_CO2_reduction_with_H2,0,0,0,0,0,0,0,0,0,0,0,0,0,0,0,0,0,0,0,0,0,0,0,0,0,0,0,0,0,0
methanogenesis_by_reduction_of_methyl_compounds_with_H2,0,0,0,0,0,0,0,0,0,0,0,0,0,0,0,0,0,0,0,0,0,0,0,0,0,0,0,0,0,0
hydrogenotrophic_methanogenesis,0,0,0,0,0,0,0,0,0,0,0,0,0,0,0,0,0,0,0,0,0,0,0,0,0,0,0,0,0,0
methanogenesis,0,0,0,0,0,0,0,0,0,0,0,0,0,0,0,0,0,0,0,0,0,0,0,0,0,0,0,0,0,0
methanol_oxidation,430,264,268,342,172,332,20,52,38,314,178,46,64,14,2,54,86,98,530,1490,1342,850,1404,772,774,380,100,584,576,354
methylotrophy,430,264,268,342,174,332,20,52,38,314,178,46,64,14,2,54,86,98,530,1490,1342,850,1404,772,928,456,142,856,684,474
aerobic_ammonia_oxidation,0,0,0,0,0,0,0,0,0,0,0,0,0,0,0,0,0,0,0,0,0,0,0,0,0,8,0,16,26,0
aerobic_nitrite_oxidation,0,0,0,0,0,0,0,0,0,0,0,0,0,0,0,0,0,0,0,0,0,0,0,0,0,0,0,0,0,0
nitrification,0,0,0,0,0,0,0,0,0,0,0,0,0,0,0,0,0,0,0,0,0,0,0,0,0,8,0,16,26,0
sulfate_respiration,0,0,0,0,0,0,0,0,0,0,0,0,0,0,0,0,0,0,0,0,0,0,0,0,8,4,0,20,10,0
sulfur_respiration,0,0,0,0,0,0,0,0,0,0,0,0,0,0,0,0,0,0,0,0,0,0,0,0,52,0,0,0,24,58
dark_sulfite_oxidation,0,0,0,0,0,0,0,0,0,0,0,0,0,0,0,0,0,0,0,0,0,0,0,0,0,0,0,0,0,0
sulfite_respiration,0,0,0,0,0,0,0,0,0,0,0,0,0,0,0,0,0,0,0,0,0,0,0,0,0,0,0,0,0,0
thiosulfate_respiration,0,0,0,0,0,0,0,0,0,0,0,0,2,0,0,0,0,0,0,0,0,0,0,0,44,20,0,18,0,14
respiration_of_sulfur_compounds,0,0,0,0,0,0,0,0,0,0,0,0,2,0,0,0,0,0,0,0,0,0,0,0,104,24,0,38,34,72
arsenate_detoxification,0,0,0,0,0,0,0,0,0,0,0,0,0,0,0,0,0,0,0,0,0,0,0,0,0,0,0,0,0,0
arsenate_respiration,0,0,0,0,0,0,0,0,0,0,0,0,0,0,0,0,0,0,0,0,0,0,0,0,0,0,0,0,0,0
dissimilatory_arsenate_reduction,0,0,0,0,0,0,0,0,0,0,0,0,0,0,0,0,0,0,0,0,0,0,0,0,0,0,0,0,0,0
arsenite_oxidation_detoxification,0,0,0,0,0,0,0,0,0,0,0,0,0,0,0,0,0,0,0,0,0,0,0,0,0,0,0,0,0,0
arsenite_oxidation_energy_yielding,0,0,0,0,0,0,0,0,0,0,0,0,0,0,0,0,0,0,0,0,0,0,0,0,0,0,0,0,0,0
dissimilatory_arsenite_oxidation,0,0,0,0,0,0,0,0,0,0,0,0,0,0,0,0,0,0,0,0,0,0,0,0,0,0,0,0,0,0
anammox,0,0,0,0,0,0,0,0,0,0,0,0,0,0,0,0,0,0,0,0,0,0,0,0,0,0,0,0,0,0
nitrate_denitrification,0,0,0,2,0,0,0,0,0,0,0,0,26,14,0,46,38,20,0,0,0,8,0,0,156,126,40,168,138,104
nitrite_denitrification,0,0,0,2,0,0,0,0,0,0,0,0,26,14,0,46,38,20,0,0,0,8,0,0,156,126,40,168,138,104
nitrous_oxide_denitrification,0,0,0,0,0,0,0,0,0,0,0,0,0,0,0,0,0,0,0,0,0,0,0,0,0,0,0,0,0,0
denitrification,0,0,0,2,0,0,0,0,0,0,0,0,26,14,0,46,38,20,0,0,0,8,0,0,156,126,40,168,138,104
chitinolysis,0,0,0,0,0,0,0,0,0,0,0,0,0,0,0,0,0,0,0,0,0,0,0,0,0,0,0,6,12,0
knallgas_bacteria,0,0,0,0,0,0,0,0,0,0,0,0,0,0,0,0,0,0,0,0,0,0,0,0,0,0,0,0,0,0
dark_hydrogen_oxidation,0,0,0,2,0,0,0,0,0,0,0,0,26,14,0,46,38,20,0,0,0,8,0,0,328,198,84,270,256,194
nitrogen_fixation,0,0,0,0,0,0,0,0,0,0,0,0,0,0,10,0,8,0,0,12,4,0,0,12,46,6,0,46,32,32
nitrate_ammonification,0,0,0,0,0,0,0,0,0,0,0,0,0,0,0,0,0,0,0,0,0,0,0,0,0,0,0,0,0,0
nitrite_ammonification,0,0,0,0,0,0,0,0,0,0,0,0,0,0,0,0,0,0,0,0,0,0,0,0,0,0,0,0,0,0
nitrite_respiration,0,0,0,2,0,0,0,0,0,0,0,0,26,14,0,46,38,20,0,0,0,8,0,0,156,126,40,168,138,104
cellulolysis,0,0,0,0,2,0,0,0,0,0,14,0,22,36,40,44,38,24,0,0,0,20,12,8,810,746,190,1042,1186,550
xylanolysis,0,0,0,0,0,0,0,0,0,0,0,0,0,0,0,0,0,0,0,0,0,2,0,0,138,94,38,74,100,102
dark_sulfide_oxidation,0,0,0,0,0,0,0,0,0,0,0,0,0,0,0,0,0,0,0,0,0,0,0,0,0,0,0,0,0,0
dark_sulfur_oxidation,0,0,0,0,0,0,0,0,0,0,0,0,0,0,0,0,0,0,0,0,0,0,0,0,0,0,0,0,0,0
dark_thiosulfate_oxidation,0,0,0,0,0,0,0,0,0,0,0,0,0,0,0,0,0,0,0,0,0,0,0,0,0,0,0,0,0,0
dark_oxidation_of_sulfur_compounds,0,0,0,0,0,0,0,0,0,0,0,0,0,0,0,0,0,0,0,0,0,0,0,0,0,0,0,0,0,0
manganese_oxidation,0,0,0,0,0,0,0,0,0,0,0,0,0,0,0,0,10,0,0,0,0,0,0,0,0,0,0,0,0,0
manganese_respiration,0,0,0,0,0,0,0,0,0,0,0,0,0,0,0,0,0,0,0,0,0,0,0,0,0,0,0,0,0,0
ligninolysis,0,0,0,0,0,0,0,0,0,0,0,0,0,0,0,0,0,0,0,0,0,0,0,0,0,0,0,0,0,0
fermentation,22042,15496,21504,23090,14972,19788,4332,10244,7450,12656,13430,7388,1518,1198,890,1342,4322,4062,3282,3796,3770,4240,4906,3294,10772,6142,3764,8272,9914,6642
aerobic_chemoheterotrophy,310,284,418,416,264,460,2020,4638,2998,7688,13016,4664,4130,3776,3320,4444,7252,6398,1698,2388,2794,2344,3034,2944,23766,13588,5470,18100,17052,14370
invertebrate_parasites,0,0,0,0,0,0,0,0,0,0,0,0,0,0,0,0,0,0,0,0,0,0,0,0,0,0,0,0,0,0
human_pathogens_septicemia,0,0,0,0,0,0,0,0,0,0,0,0,0,0,0,0,0,0,0,0,0,0,0,0,0,0,0,0,0,0
human_pathogens_pneumonia,0,0,0,0,0,0,0,0,0,0,0,0,0,0,0,0,0,0,0,0,0,0,0,0,0,0,0,0,0,0
human_pathogens_nosocomia,0,0,0,0,0,0,0,0,0,0,0,0,0,0,0,0,0,0,0,0,0,0,0,0,0,0,0,0,0,0
human_pathogens_meningitis,0,0,0,0,0,0,0,0,0,0,0,0,0,0,0,0,0,0,0,0,0,0,0,0,0,0,0,0,0,0
human_pathogens_gastroenteritis,0,0,0,0,0,0,0,0,0,0,0,0,0,0,0,0,0,0,0,0,0,0,0,0,0,0,0,0,0,0
human_pathogens_diarrhea,0,0,0,0,0,0,0,0,0,0,0,0,0,0,0,0,0,0,0,0,0,0,0,0,0,0,0,0,0,0
human_pathogens_all,0,0,4,0,0,0,6,0,6,22,24,6,34,62,22,54,112,108,14,50,56,52,48,98,600,240,108,524,606,270
fish_parasites,0,0,0,0,0,0,0,0,0,0,0,0,0,0,0,0,0,0,0,0,0,0,0,0,0,0,0,0,0,0
human_gut,20894,14644,20384,21986,13982,18320,3098,6094,5434,7250,7464,4248,1010,858,682,918,2858,2268,2598,3046,3326,3806,4424,2504,6426,3690,2408,4588,5828,4210
human_associated,20894,14644,20388,21986,13982,18320,3104,6094,5440,7272,7488,4254,1044,920,704,972,2970,2376,2612,3096,3382,3858,4472,2602,7026,3930,2516,5112,6434,4480
mammal_gut,20894,14644,20384,21986,13982,18320,3098,6094,5434,7250,7464,4248,1010,858,682,918,2858,2268,2598,3046,3326,3806,4424,2504,6426,3690,2408,4588,5828,4210
animal_parasites_or_symbionts,20894,14644,20400,21986,13982,18320,3104,6094,5440,7272,7488,4254,1188,982,734,1032,3156,2488,2616,3096,3414,3858,4486,2614,8052,5220,2796,6078,7468,5302
plant_pathogen,0,0,0,0,0,0,0,0,0,0,0,0,0,0,0,0,0,0,0,0,0,0,0,0,0,0,0,0,0,0
oil_bioremediation,0,0,0,0,0,0,0,0,0,0,0,0,0,0,0,0,0,0,0,0,0,0,0,0,0,0,0,0,0,0
aromatic_hydrocarbon_degradation,0,0,0,0,0,0,6,0,0,0,12,0,0,16,0,0,12,10,0,0,10,4,0,0,52,54,0,48,46,14
aromatic_compound_degradation,64,40,78,88,54,36,8,18,8,74,48,14,402,366,250,478,576,510,90,74,296,252,200,242,300,160,62,238,250,164
aliphatic_non_methane_hydrocarbon_degradation,0,0,0,0,0,0,6,0,0,0,12,0,0,16,0,0,12,22,0,0,10,4,0,0,70,54,0,56,58,32
hydrocarbon_degradation,0,0,0,0,2,0,6,0,0,0,12,0,284,344,162,346,536,306,0,0,46,42,40,80,226,130,42,328,170,152
dark_iron_oxidation,0,0,0,0,0,0,0,0,0,0,0,0,0,0,0,0,0,0,0,0,0,0,0,0,0,0,0,0,0,0
iron_respiration,0,0,0,0,0,0,0,0,0,0,0,0,0,0,0,0,0,0,0,0,0,0,0,0,0,0,0,0,0,0
nitrate_respiration,0,0,4,2,0,0,6,0,20,32,32,16,120,160,60,196,308,216,14,30,78,78,88,138,1158,640,210,1114,1058,660
nitrate_reduction,21354,14976,20900,22472,14294,18906,3104,6094,5454,7282,7496,4276,1140,1026,742,1152,3178,2484,2612,3076,3404,3890,4538,2642,7686,4338,2642,5800,6992,4908
nitrogen_respiration,0,0,4,2,0,0,6,0,20,32,32,16,120,160,60,196,308,216,14,30,78,78,88,138,1158,640,210,1114,1058,660
fumarate_respiration,0,0,0,0,0,0,0,0,0,0,0,0,0,0,0,0,0,0,0,0,0,0,0,0,0,0,0,0,0,0
intracellular_parasites,6,2,2,2,0,4,4,0,0,18,0,0,2,0,4,0,10,6,0,0,2,0,2,6,26,0,2,22,14,22
chlorate_reducers,0,0,0,0,0,0,0,0,0,0,0,0,0,0,0,0,0,0,0,0,0,0,0,0,0,0,0,0,0,0
predatory_or_exoparasitic,0,0,0,0,0,2,0,0,0,0,0,2,0,0,0,26,14,0,0,0,0,0,2,0,174,30,20,124,142,82
chloroplasts,0,0,0,0,0,0,0,0,0,0,0,0,0,0,0,2,0,0,0,0,0,0,0,0,0,0,0,0,0,0
nonphotosynthetic_cyanobacteria,0,0,0,0,0,0,0,0,0,0,0,0,0,0,0,0,0,0,0,0,0,0,0,0,0,0,0,0,0,0
photosynthetic_cyanobacteria,0,0,0,0,0,0,0,0,0,0,0,0,0,0,0,0,0,0,0,0,0,0,0,0,0,0,0,0,0,0
anoxygenic_photoautotrophy_H2_oxidizing,0,0,0,0,0,0,0,0,0,0,0,0,0,0,0,0,0,0,0,0,0,0,0,0,0,0,0,0,0,0
anoxygenic_photoautotrophy_S_oxidizing,0,0,0,0,0,0,0,0,0,0,0,0,0,0,0,0,0,0,0,0,0,0,0,0,0,0,0,0,0,0
anoxygenic_photoautotrophy_Fe_oxidizing,0,0,0,0,0,0,0,0,0,0,0,0,0,0,0,0,0,0,0,0,0,0,0,0,0,0,0,0,0,0
anoxygenic_photoautotrophy,0,0,0,0,0,0,0,0,0,0,0,0,0,0,0,0,0,0,0,0,0,0,0,0,0,0,0,0,0,0
oxygenic_photoautotrophy,0,0,0,0,0,0,0,0,0,0,0,0,0,0,0,0,0,0,0,0,0,0,0,0,0,0,0,0,0,0
photoautotrophy,0,0,0,0,0,0,0,0,0,0,0,0,0,0,0,0,0,0,0,0,0,0,0,0,0,0,0,0,0,0
aerobic_anoxygenic_phototrophy,0,0,0,0,0,0,0,0,0,0,0,0,0,0,0,0,0,0,0,0,0,0,0,0,0,0,0,0,0,0
photoheterotrophy,0,0,0,0,0,0,0,0,0,0,0,0,2,0,0,0,0,0,0,0,0,0,0,0,22,22,6,28,12,22
phototrophy,0,0,0,0,0,0,0,0,0,0,0,0,2,0,0,0,0,0,0,0,0,0,0,0,22,22,6,28,12,22
plastic_degradation,0,0,0,0,0,0,0,0,0,0,0,0,0,0,0,0,0,0,0,0,0,0,0,0,0,0,0,0,0,0
ureolysis,430,264,268,340,172,332,20,52,38,318,178,52,22,4,2,0,64,84,530,1510,1334,842,1404,778,664,256,62,484,488,268
reductive_acetogenesis,0,0,0,0,0,0,0,0,0,0,0,0,0,0,0,0,0,0,0,0,0,0,0,0,0,0,0,0,0,10
chemoheterotrophy,22782,16044,22190,23846,15408,20580,6378,14934,10486,20658,26622,12098,5668,4954,4164,5732,11604,10502,5510,7674,7916,7410,9332,7002,34330,19264,9136,25820,26206,20826